geração,Id_Barra,Nome_Barra,Tamanho Geometrico (cm),Tamanho de Corte (cm),Fitness
1,1,AB,11.9435,13.9435,0.0
1,2,BC,9.9878,13.9878,0.0
1,3,CD,9.9878,13.9878,0.0
1,4,DE,11.9435,13.9435,0.0
1,5,FG,12.3143,16.3143,0.0
1,6,GH,10.4194,14.4194,0.0
1,7,HI,10.4194,14.4194,0.0
1,8,IJ,12.3143,16.3143,0.0
1,9,AF,7.3827,9.3827,0.0
1,10,GB,4.3838,8.3838,0.0
1,11,HC,7.3516,11.3516,0.0
1,12,ID,4.3838,8.3838,0.0
1,13,EJ,7.3827,9.3827,0.0
1,14,FB,14.0411,18.0411,0.0
1,15,GC,10.9075,14.9075,0.0
1,16,IC,10.9075,14.9075,0.0
1,17,JD,14.0411,18.0411,0.0
2,1,AB,12.0,14.0,0.0
2,2,BC,9.5439,13.5439,0.0
2,3,CD,9.5439,13.5439,0.0
2,4,DE,12.0,14.0,0.0
2,5,FG,12.0178,16.0178,0.0
2,6,GH,9.5666,13.5666,0.0
2,7,HI,9.5666,13.5666,0.0
2,8,IJ,12.0178,16.0178,0.0
2,9,AF,5.0315,7.0315,0.0
2,10,GB,5.686,9.686,0.0
2,11,HC,5.0275,9.0275,0.0
2,12,ID,5.686,9.686,0.0
2,13,EJ,5.0315,7.0315,0.0
2,14,FB,13.0121,17.0121,0.0
2,15,GC,11.1093,15.1093,0.0
2,16,IC,11.1093,15.1093,0.0
2,17,JD,13.0121,17.0121,0.0
3,1,AB,12.0,14.0,0.0
3,2,BC,9.5439,13.5439,0.0
3,3,CD,9.5439,13.5439,0.0
3,4,DE,12.0,14.0,0.0
3,5,FG,12.0178,16.0178,0.0
3,6,GH,9.5666,13.5666,0.0
3,7,HI,9.5666,13.5666,0.0
3,8,IJ,12.0178,16.0178,0.0
3,9,AF,5.0315,7.0315,0.0
3,10,GB,5.686,9.686,0.0
3,11,HC,5.0275,9.0275,0.0
3,12,ID,5.686,9.686,0.0
3,13,EJ,5.0315,7.0315,0.0
3,14,FB,13.0121,17.0121,0.0
3,15,GC,11.1093,15.1093,0.0
3,16,IC,11.1093,15.1093,0.0
3,17,JD,13.0121,17.0121,0.0
4,1,AB,11.604,13.604,0.0
4,2,BC,10.0,14.0,0.0
4,3,CD,10.0,14.0,0.0
4,4,DE,11.604,13.604,0.0
4,5,FG,11.699,15.699,0.0
4,6,GH,10.079,14.079,0.0
4,7,HI,10.079,14.079,0.0
4,8,IJ,11.699,15.699,0.0
4,9,AF,6.7069,8.7069,0.0
4,10,GB,5.2185,9.2185,0.0
4,11,HC,6.4783,10.4783,0.0
4,12,ID,5.2185,9.2185,0.0
4,13,EJ,6.7069,8.7069,0.0
4,14,FB,13.4028,17.4028,0.0
4,15,GC,11.2797,15.2797,0.0
4,16,IC,11.2797,15.2797,0.0
4,17,JD,13.4028,17.4028,0.0
5,1,AB,11.604,13.604,0.0
5,2,BC,10.0,14.0,0.0
5,3,CD,10.0,14.0,0.0
5,4,DE,11.604,13.604,0.0
5,5,FG,11.699,15.699,0.0
5,6,GH,10.079,14.079,0.0
5,7,HI,10.079,14.079,0.0
5,8,IJ,11.699,15.699,0.0
5,9,AF,6.7069,8.7069,0.0
5,10,GB,5.2185,9.2185,0.0
5,11,HC,6.4783,10.4783,0.0
5,12,ID,5.2185,9.2185,0.0
5,13,EJ,6.7069,8.7069,0.0
5,14,FB,13.4028,17.4028,0.0
5,15,GC,11.2797,15.2797,0.0
5,16,IC,11.2797,15.2797,0.0
5,17,JD,13.4028,17.4028,0.0
6,1,AB,12.0,14.0,0.0
6,2,BC,9.6008,13.6008,0.0
6,3,CD,9.6008,13.6008,0.0
6,4,DE,12.0,14.0,0.0
6,5,FG,12.1525,16.1525,0.0
6,6,GH,10.0941,14.0941,0.0
6,7,HI,10.0941,14.0941,0.0
6,8,IJ,12.1525,16.1525,0.0
6,9,AF,5.0062,7.0062,0.0
6,10,GB,6.9251,10.9251,0.0
6,11,HC,3.8082,7.8082,0.0
6,12,ID,6.9251,10.9251,0.0
6,13,EJ,5.0062,7.0062,0.0
6,14,FB,13.0024,17.0024,0.0
6,15,GC,11.8377,15.8377,0.0
6,16,IC,11.8377,15.8377,0.0
6,17,JD,13.0024,17.0024,0.0
7,1,AB,12.0,14.0,0.0
7,2,BC,9.6008,13.6008,0.0
7,3,CD,9.6008,13.6008,0.0
7,4,DE,12.0,14.0,0.0
7,5,FG,12.1525,16.1525,0.0
7,6,GH,10.0941,14.0941,0.0
7,7,HI,10.0941,14.0941,0.0
7,8,IJ,12.1525,16.1525,0.0
7,9,AF,5.0062,7.0062,0.0
7,10,GB,6.9251,10.9251,0.0
7,11,HC,3.8082,7.8082,0.0
7,12,ID,6.9251,10.9251,0.0
7,13,EJ,5.0062,7.0062,0.0
7,14,FB,13.0024,17.0024,0.0
7,15,GC,11.8377,15.8377,0.0
7,16,IC,11.8377,15.8377,0.0
7,17,JD,13.0024,17.0024,0.0
8,1,AB,12.0,14.0,0.0
8,2,BC,9.8792,13.8792,0.0
8,3,CD,9.8792,13.8792,0.0
8,4,DE,12.0,14.0,0.0
8,5,FG,12.0001,16.0001,0.0
8,6,GH,9.8808,13.8808,0.0
8,7,HI,9.8808,13.8808,0.0
8,8,IJ,12.0001,16.0001,0.0
8,9,AF,6.156,8.156,0.0
8,10,GB,6.098,10.098,0.0
8,11,HC,5.9231,9.9231,0.0
8,12,ID,6.098,10.098,0.0
8,13,EJ,6.156,8.156,0.0
8,14,FB,13.4869,17.4869,0.0
8,15,GC,11.6097,15.6097,0.0
8,16,IC,11.6097,15.6097,0.0
8,17,JD,13.4869,17.4869,0.0
9,1,AB,11.9909,13.9909,0.1299
9,2,BC,9.5912,13.5912,0.1299
9,3,CD,9.5912,13.5912,0.1299
9,4,DE,11.9909,13.9909,0.1299
9,5,FG,12.003,16.003,0.1299
9,6,GH,9.6224,13.6224,0.1299
9,7,HI,9.6224,13.6224,0.1299
9,8,IJ,12.003,16.003,0.1299
9,9,AF,5.2095,7.2095,0.1299
9,10,GB,5.7484,9.7484,0.1299
9,11,HC,4.9739,8.9739,0.1299
9,12,ID,5.7484,9.7484,0.1299
9,13,EJ,5.2095,7.2095,0.1299
9,14,FB,13.0737,17.0737,0.1299
9,15,GC,11.1819,15.1819,0.1299
9,16,IC,11.1819,15.1819,0.1299
9,17,JD,13.0737,17.0737,0.1299
10,1,AB,11.777,13.777,0.1932
10,2,BC,9.8134,13.8134,0.1932
10,3,CD,9.8134,13.8134,0.1932
10,4,DE,11.777,13.777,0.1932
10,5,FG,11.7782,15.7782,0.1932
10,6,GH,9.8193,13.8193,0.1932
10,7,HI,9.8193,13.8193,0.1932
10,8,IJ,11.7782,15.7782,0.1932
10,9,AF,5.643,7.643,0.1932
10,10,GB,5.4766,9.4766,0.1932
10,11,HC,5.8161,9.8161,0.1932
10,12,ID,5.4766,9.4766,0.1932
10,13,EJ,5.643,7.643,0.1932
10,14,FB,13.0591,17.0591,0.1932
10,15,GC,11.2381,15.2381,0.1932
10,16,IC,11.2381,15.2381,0.1932
10,17,JD,13.0591,17.0591,0.1932
11,1,AB,11.7865,13.7865,0.1942
11,2,BC,10.0,14.0,0.1942
11,3,CD,10.0,14.0,0.1942
11,4,DE,11.7865,13.7865,0.1942
11,5,FG,11.8082,15.8082,0.1942
11,6,GH,10.0034,14.0034,0.1942
11,7,HI,10.0034,14.0034,0.1942
11,8,IJ,11.8082,15.8082,0.1942
11,9,AF,5.3222,7.3222,0.1942
11,10,GB,6.0376,10.0376,0.1942
11,11,HC,6.2975,10.2975,0.1942
11,12,ID,6.0376,10.0376,0.1942
11,13,EJ,5.3222,7.3222,0.1942
11,14,FB,12.9324,16.9324,0.1942
11,15,GC,11.6813,15.6813,0.1942
11,16,IC,11.6813,15.6813,0.1942
11,17,JD,12.9324,16.9324,0.1942
12,1,AB,11.7854,13.7854,0.1961
12,2,BC,9.9527,13.9527,0.1961
12,3,CD,9.9527,13.9527,0.1961
12,4,DE,11.7854,13.7854,0.1961
12,5,FG,11.7903,15.7903,0.1961
12,6,GH,9.9742,13.9742,0.1961
12,7,HI,9.9742,13.9742,0.1961
12,8,IJ,11.7903,15.7903,0.1961
12,9,AF,5.3202,7.3202,0.1961
12,10,GB,5.6604,9.6604,0.1961
12,11,HC,6.3145,10.3145,0.1961
12,12,ID,5.6604,9.6604,0.1961
12,13,EJ,5.3202,7.3202,0.1961
12,14,FB,12.9306,16.9306,0.1961
12,15,GC,11.4497,15.4497,0.1961
12,16,IC,11.4497,15.4497,0.1961
12,17,JD,12.9306,16.9306,0.1961
13,1,AB,11.8131,13.8131,0.1992
13,2,BC,9.8352,13.8352,0.1992
13,3,CD,9.8352,13.8352,0.1992
13,4,DE,11.8131,13.8131,0.1992
13,5,FG,11.8145,15.8145,0.1992
13,6,GH,9.8643,13.8643,0.1992
13,7,HI,9.8643,13.8643,0.1992
13,8,IJ,11.8145,15.8145,0.1992
13,9,AF,5.1034,7.1034,0.1992
13,10,GB,5.2859,9.2859,0.1992
13,11,HC,6.0435,10.0435,0.1992
13,12,ID,5.2859,9.2859,0.1992
13,13,EJ,5.1034,7.1034,0.1992
13,14,FB,12.8684,16.8684,0.1992
13,15,GC,11.1656,15.1656,0.1992
13,16,IC,11.1656,15.1656,0.1992
13,17,JD,12.8684,16.8684,0.1992
14,1,AB,11.9701,13.9701,0.2105
14,2,BC,9.8147,13.8147,0.2105
14,3,CD,9.8147,13.8147,0.2105
14,4,DE,11.9701,13.9701,0.2105
14,5,FG,12.0083,16.0083,0.2105
14,6,GH,9.8214,13.8214,0.2105
14,7,HI,9.8214,13.8214,0.2105
14,8,IJ,12.0083,16.0083,0.2105
14,9,AF,5.0119,7.0119,0.2105
14,10,GB,5.9693,9.9693,0.2105
14,11,HC,6.3322,10.3322,0.2105
14,12,ID,5.9693,9.9693,0.2105
14,13,EJ,5.0119,7.0119,0.2105
14,14,FB,12.977,16.977,0.2105
14,15,GC,11.4874,15.4874,0.2105
14,16,IC,11.4874,15.4874,0.2105
14,17,JD,12.977,16.977,0.2105
15,1,AB,11.9701,13.9701,0.2105
15,2,BC,9.8147,13.8147,0.2105
15,3,CD,9.8147,13.8147,0.2105
15,4,DE,11.9701,13.9701,0.2105
15,5,FG,12.0083,16.0083,0.2105
15,6,GH,9.8214,13.8214,0.2105
15,7,HI,9.8214,13.8214,0.2105
15,8,IJ,12.0083,16.0083,0.2105
15,9,AF,5.0119,7.0119,0.2105
15,10,GB,5.9693,9.9693,0.2105
15,11,HC,6.3322,10.3322,0.2105
15,12,ID,5.9693,9.9693,0.2105
15,13,EJ,5.0119,7.0119,0.2105
15,14,FB,12.977,16.977,0.2105
15,15,GC,11.4874,15.4874,0.2105
15,16,IC,11.4874,15.4874,0.2105
15,17,JD,12.977,16.977,0.2105
16,1,AB,11.9701,13.9701,0.2105
16,2,BC,9.8147,13.8147,0.2105
16,3,CD,9.8147,13.8147,0.2105
16,4,DE,11.9701,13.9701,0.2105
16,5,FG,12.0083,16.0083,0.2105
16,6,GH,9.8214,13.8214,0.2105
16,7,HI,9.8214,13.8214,0.2105
16,8,IJ,12.0083,16.0083,0.2105
16,9,AF,5.0119,7.0119,0.2105
16,10,GB,5.9693,9.9693,0.2105
16,11,HC,6.3322,10.3322,0.2105
16,12,ID,5.9693,9.9693,0.2105
16,13,EJ,5.0119,7.0119,0.2105
16,14,FB,12.977,16.977,0.2105
16,15,GC,11.4874,15.4874,0.2105
16,16,IC,11.4874,15.4874,0.2105
16,17,JD,12.977,16.977,0.2105
17,1,AB,11.9701,13.9701,0.2105
17,2,BC,9.8147,13.8147,0.2105
17,3,CD,9.8147,13.8147,0.2105
17,4,DE,11.9701,13.9701,0.2105
17,5,FG,12.0083,16.0083,0.2105
17,6,GH,9.8214,13.8214,0.2105
17,7,HI,9.8214,13.8214,0.2105
17,8,IJ,12.0083,16.0083,0.2105
17,9,AF,5.0119,7.0119,0.2105
17,10,GB,5.9693,9.9693,0.2105
17,11,HC,6.3322,10.3322,0.2105
17,12,ID,5.9693,9.9693,0.2105
17,13,EJ,5.0119,7.0119,0.2105
17,14,FB,12.977,16.977,0.2105
17,15,GC,11.4874,15.4874,0.2105
17,16,IC,11.4874,15.4874,0.2105
17,17,JD,12.977,16.977,0.2105
18,1,AB,11.9701,13.9701,0.2105
18,2,BC,9.8147,13.8147,0.2105
18,3,CD,9.8147,13.8147,0.2105
18,4,DE,11.9701,13.9701,0.2105
18,5,FG,12.0083,16.0083,0.2105
18,6,GH,9.8214,13.8214,0.2105
18,7,HI,9.8214,13.8214,0.2105
18,8,IJ,12.0083,16.0083,0.2105
18,9,AF,5.0119,7.0119,0.2105
18,10,GB,5.9693,9.9693,0.2105
18,11,HC,6.3322,10.3322,0.2105
18,12,ID,5.9693,9.9693,0.2105
18,13,EJ,5.0119,7.0119,0.2105
18,14,FB,12.977,16.977,0.2105
18,15,GC,11.4874,15.4874,0.2105
18,16,IC,11.4874,15.4874,0.2105
18,17,JD,12.977,16.977,0.2105
19,1,AB,11.9701,13.9701,0.2105
19,2,BC,9.8147,13.8147,0.2105
19,3,CD,9.8147,13.8147,0.2105
19,4,DE,11.9701,13.9701,0.2105
19,5,FG,12.0083,16.0083,0.2105
19,6,GH,9.8214,13.8214,0.2105
19,7,HI,9.8214,13.8214,0.2105
19,8,IJ,12.0083,16.0083,0.2105
19,9,AF,5.0119,7.0119,0.2105
19,10,GB,5.9693,9.9693,0.2105
19,11,HC,6.3322,10.3322,0.2105
19,12,ID,5.9693,9.9693,0.2105
19,13,EJ,5.0119,7.0119,0.2105
19,14,FB,12.977,16.977,0.2105
19,15,GC,11.4874,15.4874,0.2105
19,16,IC,11.4874,15.4874,0.2105
19,17,JD,12.977,16.977,0.2105
20,1,AB,11.9438,13.9438,0.212
20,2,BC,9.8432,13.8432,0.212
20,3,CD,9.8432,13.8432,0.212
20,4,DE,11.9438,13.9438,0.212
20,5,FG,11.9456,15.9456,0.212
20,6,GH,9.9387,13.9387,0.212
20,7,HI,9.9387,13.9387,0.212
20,8,IJ,11.9456,15.9456,0.212
20,9,AF,5.7691,7.7691,0.212
20,10,GB,5.5639,9.5639,0.212
20,11,HC,6.9385,10.9385,0.212
20,12,ID,5.5639,9.5639,0.212
20,13,EJ,5.7691,7.7691,0.212
20,14,FB,13.2642,17.2642,0.212
20,15,GC,11.3069,15.3069,0.212
20,16,IC,11.3069,15.3069,0.212
20,17,JD,13.2642,17.2642,0.212
21,1,AB,11.9438,13.9438,0.212
21,2,BC,9.8432,13.8432,0.212
21,3,CD,9.8432,13.8432,0.212
21,4,DE,11.9438,13.9438,0.212
21,5,FG,11.9456,15.9456,0.212
21,6,GH,9.9387,13.9387,0.212
21,7,HI,9.9387,13.9387,0.212
21,8,IJ,11.9456,15.9456,0.212
21,9,AF,5.7691,7.7691,0.212
21,10,GB,5.5639,9.5639,0.212
21,11,HC,6.9385,10.9385,0.212
21,12,ID,5.5639,9.5639,0.212
21,13,EJ,5.7691,7.7691,0.212
21,14,FB,13.2642,17.2642,0.212
21,15,GC,11.3069,15.3069,0.212
21,16,IC,11.3069,15.3069,0.212
21,17,JD,13.2642,17.2642,0.212
22,1,AB,11.9766,13.9766,0.2232
22,2,BC,9.5826,13.5826,0.2232
22,3,CD,9.5826,13.5826,0.2232
22,4,DE,11.9766,13.9766,0.2232
22,5,FG,12.0458,16.0458,0.2232
22,6,GH,9.5922,13.5922,0.2232
22,7,HI,9.5922,13.5922,0.2232
22,8,IJ,12.0458,16.0458,0.2232
22,9,AF,4.5208,6.5208,0.2232
22,10,GB,5.8101,9.8101,0.2232
22,11,HC,6.2378,10.2378,0.2232
22,12,ID,5.8101,9.8101,0.2232
22,13,EJ,4.5208,6.5208,0.2232
22,14,FB,12.8015,16.8015,0.2232
22,15,GC,11.2064,15.2064,0.2232
22,16,IC,11.2064,15.2064,0.2232
22,17,JD,12.8015,16.8015,0.2232
23,1,AB,11.9553,13.9553,0.2244
23,2,BC,9.6327,13.6327,0.2244
23,3,CD,9.6327,13.6327,0.2244
23,4,DE,11.9553,13.9553,0.2244
23,5,FG,11.995,15.995,0.2244
23,6,GH,9.6547,13.6547,0.2244
23,7,HI,9.6547,13.6547,0.2244
23,8,IJ,11.995,15.995,0.2244
23,9,AF,4.7606,6.7606,0.2244
23,10,GB,5.7352,9.7352,0.2244
23,11,HC,6.3861,10.3861,0.2244
23,12,ID,5.7352,9.7352,0.2244
23,13,EJ,4.7606,6.7606,0.2244
23,14,FB,12.8683,16.8683,0.2244
23,15,GC,11.2108,15.2108,0.2244
23,16,IC,11.2108,15.2108,0.2244
23,17,JD,12.8683,16.8683,0.2244
24,1,AB,11.9553,13.9553,0.2244
24,2,BC,9.6327,13.6327,0.2244
24,3,CD,9.6327,13.6327,0.2244
24,4,DE,11.9553,13.9553,0.2244
24,5,FG,11.995,15.995,0.2244
24,6,GH,9.6547,13.6547,0.2244
24,7,HI,9.6547,13.6547,0.2244
24,8,IJ,11.995,15.995,0.2244
24,9,AF,4.7606,6.7606,0.2244
24,10,GB,5.7352,9.7352,0.2244
24,11,HC,6.3861,10.3861,0.2244
24,12,ID,5.7352,9.7352,0.2244
24,13,EJ,4.7606,6.7606,0.2244
24,14,FB,12.8683,16.8683,0.2244
24,15,GC,11.2108,15.2108,0.2244
24,16,IC,11.2108,15.2108,0.2244
24,17,JD,12.8683,16.8683,0.2244
25,1,AB,11.9553,13.9553,0.2244
25,2,BC,9.6327,13.6327,0.2244
25,3,CD,9.6327,13.6327,0.2244
25,4,DE,11.9553,13.9553,0.2244
25,5,FG,11.995,15.995,0.2244
25,6,GH,9.6547,13.6547,0.2244
25,7,HI,9.6547,13.6547,0.2244
25,8,IJ,11.995,15.995,0.2244
25,9,AF,4.7606,6.7606,0.2244
25,10,GB,5.7352,9.7352,0.2244
25,11,HC,6.3861,10.3861,0.2244
25,12,ID,5.7352,9.7352,0.2244
25,13,EJ,4.7606,6.7606,0.2244
25,14,FB,12.8683,16.8683,0.2244
25,15,GC,11.2108,15.2108,0.2244
25,16,IC,11.2108,15.2108,0.2244
25,17,JD,12.8683,16.8683,0.2244
26,1,AB,11.9553,13.9553,0.2244
26,2,BC,9.6327,13.6327,0.2244
26,3,CD,9.6327,13.6327,0.2244
26,4,DE,11.9553,13.9553,0.2244
26,5,FG,11.995,15.995,0.2244
26,6,GH,9.6547,13.6547,0.2244
26,7,HI,9.6547,13.6547,0.2244
26,8,IJ,11.995,15.995,0.2244
26,9,AF,4.7606,6.7606,0.2244
26,10,GB,5.7352,9.7352,0.2244
26,11,HC,6.3861,10.3861,0.2244
26,12,ID,5.7352,9.7352,0.2244
26,13,EJ,4.7606,6.7606,0.2244
26,14,FB,12.8683,16.8683,0.2244
26,15,GC,11.2108,15.2108,0.2244
26,16,IC,11.2108,15.2108,0.2244
26,17,JD,12.8683,16.8683,0.2244
27,1,AB,11.9319,13.9319,0.231
27,2,BC,9.7191,13.7191,0.231
27,3,CD,9.7191,13.7191,0.231
27,4,DE,11.9319,13.9319,0.231
27,5,FG,11.9357,15.9357,0.231
27,6,GH,9.8287,13.8287,0.231
27,7,HI,9.8287,13.8287,0.231
27,8,IJ,11.9357,15.9357,0.231
27,9,AF,5.2851,7.2851,0.231
27,10,GB,5.5843,9.5843,0.231
27,11,HC,7.0477,11.0477,0.231
27,12,ID,5.5843,9.5843,0.231
27,13,EJ,5.2851,7.2851,0.231
27,14,FB,13.05,17.05,0.231
27,15,GC,11.2092,15.2092,0.231
27,16,IC,11.2092,15.2092,0.231
27,17,JD,13.05,17.05,0.231
28,1,AB,11.9964,13.9964,0.2394
28,2,BC,9.5942,13.5942,0.2394
28,3,CD,9.5942,13.5942,0.2394
28,4,DE,11.9964,13.9964,0.2394
28,5,FG,12.0627,16.0627,0.2394
28,6,GH,9.6637,13.6637,0.2394
28,7,HI,9.6637,13.6637,0.2394
28,8,IJ,12.0627,16.0627,0.2394
28,9,AF,5.0275,7.0275,0.2394
28,10,GB,6.2903,10.2903,0.2394
28,11,HC,7.4466,11.4466,0.2394
28,12,ID,6.2903,10.2903,0.2394
28,13,EJ,5.0275,7.0275,0.2394
28,14,FB,13.0073,17.0073,0.2394
28,15,GC,11.4725,15.4725,0.2394
28,16,IC,11.4725,15.4725,0.2394
28,17,JD,13.0073,17.0073,0.2394
29,1,AB,11.9964,13.9964,0.2394
29,2,BC,9.5942,13.5942,0.2394
29,3,CD,9.5942,13.5942,0.2394
29,4,DE,11.9964,13.9964,0.2394
29,5,FG,12.0627,16.0627,0.2394
29,6,GH,9.6637,13.6637,0.2394
29,7,HI,9.6637,13.6637,0.2394
29,8,IJ,12.0627,16.0627,0.2394
29,9,AF,5.0275,7.0275,0.2394
29,10,GB,6.2903,10.2903,0.2394
29,11,HC,7.4466,11.4466,0.2394
29,12,ID,6.2903,10.2903,0.2394
29,13,EJ,5.0275,7.0275,0.2394
29,14,FB,13.0073,17.0073,0.2394
29,15,GC,11.4725,15.4725,0.2394
29,16,IC,11.4725,15.4725,0.2394
29,17,JD,13.0073,17.0073,0.2394
30,1,AB,11.9964,13.9964,0.2394
30,2,BC,9.5942,13.5942,0.2394
30,3,CD,9.5942,13.5942,0.2394
30,4,DE,11.9964,13.9964,0.2394
30,5,FG,12.0627,16.0627,0.2394
30,6,GH,9.6637,13.6637,0.2394
30,7,HI,9.6637,13.6637,0.2394
30,8,IJ,12.0627,16.0627,0.2394
30,9,AF,5.0275,7.0275,0.2394
30,10,GB,6.2903,10.2903,0.2394
30,11,HC,7.4466,11.4466,0.2394
30,12,ID,6.2903,10.2903,0.2394
30,13,EJ,5.0275,7.0275,0.2394
30,14,FB,13.0073,17.0073,0.2394
30,15,GC,11.4725,15.4725,0.2394
30,16,IC,11.4725,15.4725,0.2394
30,17,JD,13.0073,17.0073,0.2394
31,1,AB,11.9964,13.9964,0.2394
31,2,BC,9.5942,13.5942,0.2394
31,3,CD,9.5942,13.5942,0.2394
31,4,DE,11.9964,13.9964,0.2394
31,5,FG,12.0627,16.0627,0.2394
31,6,GH,9.6637,13.6637,0.2394
31,7,HI,9.6637,13.6637,0.2394
31,8,IJ,12.0627,16.0627,0.2394
31,9,AF,5.0275,7.0275,0.2394
31,10,GB,6.2903,10.2903,0.2394
31,11,HC,7.4466,11.4466,0.2394
31,12,ID,6.2903,10.2903,0.2394
31,13,EJ,5.0275,7.0275,0.2394
31,14,FB,13.0073,17.0073,0.2394
31,15,GC,11.4725,15.4725,0.2394
31,16,IC,11.4725,15.4725,0.2394
31,17,JD,13.0073,17.0073,0.2394
32,1,AB,11.9964,13.9964,0.2394
32,2,BC,9.5942,13.5942,0.2394
32,3,CD,9.5942,13.5942,0.2394
32,4,DE,11.9964,13.9964,0.2394
32,5,FG,12.0627,16.0627,0.2394
32,6,GH,9.6637,13.6637,0.2394
32,7,HI,9.6637,13.6637,0.2394
32,8,IJ,12.0627,16.0627,0.2394
32,9,AF,5.0275,7.0275,0.2394
32,10,GB,6.2903,10.2903,0.2394
32,11,HC,7.4466,11.4466,0.2394
32,12,ID,6.2903,10.2903,0.2394
32,13,EJ,5.0275,7.0275,0.2394
32,14,FB,13.0073,17.0073,0.2394
32,15,GC,11.4725,15.4725,0.2394
32,16,IC,11.4725,15.4725,0.2394
32,17,JD,13.0073,17.0073,0.2394
33,1,AB,11.9964,13.9964,0.2394
33,2,BC,9.5942,13.5942,0.2394
33,3,CD,9.5942,13.5942,0.2394
33,4,DE,11.9964,13.9964,0.2394
33,5,FG,12.0627,16.0627,0.2394
33,6,GH,9.6637,13.6637,0.2394
33,7,HI,9.6637,13.6637,0.2394
33,8,IJ,12.0627,16.0627,0.2394
33,9,AF,5.0275,7.0275,0.2394
33,10,GB,6.2903,10.2903,0.2394
33,11,HC,7.4466,11.4466,0.2394
33,12,ID,6.2903,10.2903,0.2394
33,13,EJ,5.0275,7.0275,0.2394
33,14,FB,13.0073,17.0073,0.2394
33,15,GC,11.4725,15.4725,0.2394
33,16,IC,11.4725,15.4725,0.2394
33,17,JD,13.0073,17.0073,0.2394
34,1,AB,11.9832,13.9832,0.2421
34,2,BC,9.7378,13.7378,0.2421
34,3,CD,9.7378,13.7378,0.2421
34,4,DE,11.9832,13.9832,0.2421
34,5,FG,12.0049,16.0049,0.2421
34,6,GH,9.8186,13.8186,0.2421
34,7,HI,9.8186,13.8186,0.2421
34,8,IJ,12.0049,16.0049,0.2421
34,9,AF,5.3168,7.3168,0.2421
34,10,GB,6.038,10.038,0.2421
34,11,HC,7.2949,11.2949,0.2421
34,12,ID,6.038,10.038,0.2421
34,13,EJ,5.3168,7.3168,0.2421
34,14,FB,13.1098,17.1098,0.2421
34,15,GC,11.4579,15.4579,0.2421
34,16,IC,11.4579,15.4579,0.2421
34,17,JD,13.1098,17.1098,0.2421
35,1,AB,11.9856,13.9856,0.2428
35,2,BC,9.698,13.698,0.2428
35,3,CD,9.698,13.698,0.2428
35,4,DE,11.9856,13.9856,0.2428
35,5,FG,12.0123,16.0123,0.2428
35,6,GH,9.7749,13.7749,0.2428
35,7,HI,9.7749,13.7749,0.2428
35,8,IJ,12.0123,16.0123,0.2428
35,9,AF,5.248,7.248,0.2428
35,10,GB,6.0474,10.0474,0.2428
35,11,HC,7.271,11.271,0.2428
35,12,ID,6.0474,10.0474,0.2428
35,13,EJ,5.248,7.248,0.2428
35,14,FB,13.0842,17.0842,0.2428
35,15,GC,11.429,15.429,0.2428
35,16,IC,11.429,15.429,0.2428
35,17,JD,13.0842,17.0842,0.2428
36,1,AB,11.9848,13.9848,0.2436
36,2,BC,9.7119,13.7119,0.2436
36,3,CD,9.7119,13.7119,0.2436
36,4,DE,11.9848,13.9848,0.2436
36,5,FG,12.0096,16.0096,0.2436
36,6,GH,9.7902,13.7902,0.2436
36,7,HI,9.7902,13.7902,0.2436
36,8,IJ,12.0096,16.0096,0.2436
36,9,AF,5.2721,7.2721,0.2436
36,10,GB,6.0441,10.0441,0.2436
36,11,HC,7.2793,11.2793,0.2436
36,12,ID,6.0441,10.0441,0.2436
36,13,EJ,5.2721,7.2721,0.2436
36,14,FB,13.0932,17.0932,0.2436
36,15,GC,11.4391,15.4391,0.2436
36,16,IC,11.4391,15.4391,0.2436
36,17,JD,13.0932,17.0932,0.2436
37,1,AB,11.9848,13.9848,0.2436
37,2,BC,9.7119,13.7119,0.2436
37,3,CD,9.7119,13.7119,0.2436
37,4,DE,11.9848,13.9848,0.2436
37,5,FG,12.0096,16.0096,0.2436
37,6,GH,9.7902,13.7902,0.2436
37,7,HI,9.7902,13.7902,0.2436
37,8,IJ,12.0096,16.0096,0.2436
37,9,AF,5.2721,7.2721,0.2436
37,10,GB,6.0441,10.0441,0.2436
37,11,HC,7.2793,11.2793,0.2436
37,12,ID,6.0441,10.0441,0.2436
37,13,EJ,5.2721,7.2721,0.2436
37,14,FB,13.0932,17.0932,0.2436
37,15,GC,11.4391,15.4391,0.2436
37,16,IC,11.4391,15.4391,0.2436
37,17,JD,13.0932,17.0932,0.2436
38,1,AB,11.9576,13.9576,0.2491
38,2,BC,9.6525,13.6525,0.2491
38,3,CD,9.6525,13.6525,0.2491
38,4,DE,11.9576,13.9576,0.2491
38,5,FG,12.0053,16.0053,0.2491
38,6,GH,9.7231,13.7231,0.2491
38,7,HI,9.7231,13.7231,0.2491
38,8,IJ,12.0053,16.0053,0.2491
38,9,AF,5.0325,7.0325,0.2491
38,10,GB,6.1015,10.1015,0.2491
38,11,HC,7.2714,11.2714,0.2491
38,12,ID,6.1015,10.1015,0.2491
38,13,EJ,5.0325,7.0325,0.2491
38,14,FB,12.9735,16.9735,0.2491
38,15,GC,11.4192,15.4192,0.2491
38,16,IC,11.4192,15.4192,0.2491
38,17,JD,12.9735,16.9735,0.2491
39,1,AB,11.9576,13.9576,0.2491
39,2,BC,9.6525,13.6525,0.2491
39,3,CD,9.6525,13.6525,0.2491
39,4,DE,11.9576,13.9576,0.2491
39,5,FG,12.0053,16.0053,0.2491
39,6,GH,9.7231,13.7231,0.2491
39,7,HI,9.7231,13.7231,0.2491
39,8,IJ,12.0053,16.0053,0.2491
39,9,AF,5.0325,7.0325,0.2491
39,10,GB,6.1015,10.1015,0.2491
39,11,HC,7.2714,11.2714,0.2491
39,12,ID,6.1015,10.1015,0.2491
39,13,EJ,5.0325,7.0325,0.2491
39,14,FB,12.9735,16.9735,0.2491
39,15,GC,11.4192,15.4192,0.2491
39,16,IC,11.4192,15.4192,0.2491
39,17,JD,12.9735,16.9735,0.2491
40,1,AB,11.9576,13.9576,0.2491
40,2,BC,9.6525,13.6525,0.2491
40,3,CD,9.6525,13.6525,0.2491
40,4,DE,11.9576,13.9576,0.2491
40,5,FG,12.0053,16.0053,0.2491
40,6,GH,9.7231,13.7231,0.2491
40,7,HI,9.7231,13.7231,0.2491
40,8,IJ,12.0053,16.0053,0.2491
40,9,AF,5.0325,7.0325,0.2491
40,10,GB,6.1015,10.1015,0.2491
40,11,HC,7.2714,11.2714,0.2491
40,12,ID,6.1015,10.1015,0.2491
40,13,EJ,5.0325,7.0325,0.2491
40,14,FB,12.9735,16.9735,0.2491
40,15,GC,11.4192,15.4192,0.2491
40,16,IC,11.4192,15.4192,0.2491
40,17,JD,12.9735,16.9735,0.2491
41,1,AB,11.9576,13.9576,0.2491
41,2,BC,9.6525,13.6525,0.2491
41,3,CD,9.6525,13.6525,0.2491
41,4,DE,11.9576,13.9576,0.2491
41,5,FG,12.0053,16.0053,0.2491
41,6,GH,9.7231,13.7231,0.2491
41,7,HI,9.7231,13.7231,0.2491
41,8,IJ,12.0053,16.0053,0.2491
41,9,AF,5.0325,7.0325,0.2491
41,10,GB,6.1015,10.1015,0.2491
41,11,HC,7.2714,11.2714,0.2491
41,12,ID,6.1015,10.1015,0.2491
41,13,EJ,5.0325,7.0325,0.2491
41,14,FB,12.9735,16.9735,0.2491
41,15,GC,11.4192,15.4192,0.2491
41,16,IC,11.4192,15.4192,0.2491
41,17,JD,12.9735,16.9735,0.2491
42,1,AB,11.9852,13.9852,0.2494
42,2,BC,9.7169,13.7169,0.2494
42,3,CD,9.7169,13.7169,0.2494
42,4,DE,11.9852,13.9852,0.2494
42,5,FG,12.0135,16.0135,0.2494
42,6,GH,9.8053,13.8053,0.2494
42,7,HI,9.8053,13.8053,0.2494
42,8,IJ,12.0135,16.0135,0.2494
42,9,AF,5.3387,7.3387,0.2494
42,10,GB,6.1639,10.1639,0.2494
42,11,HC,7.4776,11.4776,0.2494
42,12,ID,6.1639,10.1639,0.2494
42,13,EJ,5.3387,7.3387,0.2494
42,14,FB,13.1205,17.1205,0.2494
42,15,GC,11.507,15.507,0.2494
42,16,IC,11.507,15.507,0.2494
42,17,JD,13.1205,17.1205,0.2494
43,1,AB,11.9852,13.9852,0.2494
43,2,BC,9.7169,13.7169,0.2494
43,3,CD,9.7169,13.7169,0.2494
43,4,DE,11.9852,13.9852,0.2494
43,5,FG,12.0135,16.0135,0.2494
43,6,GH,9.8053,13.8053,0.2494
43,7,HI,9.8053,13.8053,0.2494
43,8,IJ,12.0135,16.0135,0.2494
43,9,AF,5.3387,7.3387,0.2494
43,10,GB,6.1639,10.1639,0.2494
43,11,HC,7.4776,11.4776,0.2494
43,12,ID,6.1639,10.1639,0.2494
43,13,EJ,5.3387,7.3387,0.2494
43,14,FB,13.1205,17.1205,0.2494
43,15,GC,11.507,15.507,0.2494
43,16,IC,11.507,15.507,0.2494
43,17,JD,13.1205,17.1205,0.2494
44,1,AB,12.0,14.0,0.2513
44,2,BC,9.8365,13.8365,0.2513
44,3,CD,9.8365,13.8365,0.2513
44,4,DE,12.0,14.0,0.2513
44,5,FG,12.033,16.033,0.2513
44,6,GH,9.8945,13.8945,0.2513
44,7,HI,9.8945,13.8945,0.2513
44,8,IJ,12.033,16.033,0.2513
44,9,AF,5.8396,7.8396,0.2513
44,10,GB,6.7302,10.7302,0.2513
44,11,HC,7.8,11.8,0.2513
44,12,ID,6.7302,10.7302,0.2513
44,13,EJ,5.8396,7.8396,0.2513
44,14,FB,13.3454,17.3454,0.2513
44,15,GC,11.9185,15.9185,0.2513
44,16,IC,11.9185,15.9185,0.2513
44,17,JD,13.3454,17.3454,0.2513
45,1,AB,12.0,14.0,0.2619
45,2,BC,9.5716,13.5716,0.2619
45,3,CD,9.5716,13.5716,0.2619
45,4,DE,12.0,14.0,0.2619
45,5,FG,12.036,16.036,0.2619
45,6,GH,9.6534,13.6534,0.2619
45,7,HI,9.6534,13.6534,0.2619
45,8,IJ,12.036,16.036,0.2619
45,9,AF,5.6151,7.6151,0.2619
45,10,GB,6.5453,10.5453,0.2619
45,11,HC,7.8,11.8,0.2619
45,12,ID,6.5453,10.5453,0.2619
45,13,EJ,5.6151,7.6151,0.2619
45,14,FB,13.2487,17.2487,0.2619
45,15,GC,11.5955,15.5955,0.2619
45,16,IC,11.5955,15.5955,0.2619
45,17,JD,13.2487,17.2487,0.2619
46,1,AB,12.0,14.0,0.2619
46,2,BC,9.5716,13.5716,0.2619
46,3,CD,9.5716,13.5716,0.2619
46,4,DE,12.0,14.0,0.2619
46,5,FG,12.036,16.036,0.2619
46,6,GH,9.6534,13.6534,0.2619
46,7,HI,9.6534,13.6534,0.2619
46,8,IJ,12.036,16.036,0.2619
46,9,AF,5.6151,7.6151,0.2619
46,10,GB,6.5453,10.5453,0.2619
46,11,HC,7.8,11.8,0.2619
46,12,ID,6.5453,10.5453,0.2619
46,13,EJ,5.6151,7.6151,0.2619
46,14,FB,13.2487,17.2487,0.2619
46,15,GC,11.5955,15.5955,0.2619
46,16,IC,11.5955,15.5955,0.2619
46,17,JD,13.2487,17.2487,0.2619
47,1,AB,12.0,14.0,0.2619
47,2,BC,9.5716,13.5716,0.2619
47,3,CD,9.5716,13.5716,0.2619
47,4,DE,12.0,14.0,0.2619
47,5,FG,12.036,16.036,0.2619
47,6,GH,9.6534,13.6534,0.2619
47,7,HI,9.6534,13.6534,0.2619
47,8,IJ,12.036,16.036,0.2619
47,9,AF,5.6151,7.6151,0.2619
47,10,GB,6.5453,10.5453,0.2619
47,11,HC,7.8,11.8,0.2619
47,12,ID,6.5453,10.5453,0.2619
47,13,EJ,5.6151,7.6151,0.2619
47,14,FB,13.2487,17.2487,0.2619
47,15,GC,11.5955,15.5955,0.2619
47,16,IC,11.5955,15.5955,0.2619
47,17,JD,13.2487,17.2487,0.2619
48,1,AB,12.0,14.0,0.2619
48,2,BC,9.5716,13.5716,0.2619
48,3,CD,9.5716,13.5716,0.2619
48,4,DE,12.0,14.0,0.2619
48,5,FG,12.036,16.036,0.2619
48,6,GH,9.6534,13.6534,0.2619
48,7,HI,9.6534,13.6534,0.2619
48,8,IJ,12.036,16.036,0.2619
48,9,AF,5.6151,7.6151,0.2619
48,10,GB,6.5453,10.5453,0.2619
48,11,HC,7.8,11.8,0.2619
48,12,ID,6.5453,10.5453,0.2619
48,13,EJ,5.6151,7.6151,0.2619
48,14,FB,13.2487,17.2487,0.2619
48,15,GC,11.5955,15.5955,0.2619
48,16,IC,11.5955,15.5955,0.2619
48,17,JD,13.2487,17.2487,0.2619
49,1,AB,12.0,14.0,0.2619
49,2,BC,9.5716,13.5716,0.2619
49,3,CD,9.5716,13.5716,0.2619
49,4,DE,12.0,14.0,0.2619
49,5,FG,12.036,16.036,0.2619
49,6,GH,9.6534,13.6534,0.2619
49,7,HI,9.6534,13.6534,0.2619
49,8,IJ,12.036,16.036,0.2619
49,9,AF,5.6151,7.6151,0.2619
49,10,GB,6.5453,10.5453,0.2619
49,11,HC,7.8,11.8,0.2619
49,12,ID,6.5453,10.5453,0.2619
49,13,EJ,5.6151,7.6151,0.2619
49,14,FB,13.2487,17.2487,0.2619
49,15,GC,11.5955,15.5955,0.2619
49,16,IC,11.5955,15.5955,0.2619
49,17,JD,13.2487,17.2487,0.2619
50,1,AB,12.0,14.0,0.2619
50,2,BC,9.5716,13.5716,0.2619
50,3,CD,9.5716,13.5716,0.2619
50,4,DE,12.0,14.0,0.2619
50,5,FG,12.036,16.036,0.2619
50,6,GH,9.6534,13.6534,0.2619
50,7,HI,9.6534,13.6534,0.2619
50,8,IJ,12.036,16.036,0.2619
50,9,AF,5.6151,7.6151,0.2619
50,10,GB,6.5453,10.5453,0.2619
50,11,HC,7.8,11.8,0.2619
50,12,ID,6.5453,10.5453,0.2619
50,13,EJ,5.6151,7.6151,0.2619
50,14,FB,13.2487,17.2487,0.2619
50,15,GC,11.5955,15.5955,0.2619
50,16,IC,11.5955,15.5955,0.2619
50,17,JD,13.2487,17.2487,0.2619
51,1,AB,12.0,14.0,0.2619
51,2,BC,9.5716,13.5716,0.2619
51,3,CD,9.5716,13.5716,0.2619
51,4,DE,12.0,14.0,0.2619
51,5,FG,12.036,16.036,0.2619
51,6,GH,9.6534,13.6534,0.2619
51,7,HI,9.6534,13.6534,0.2619
51,8,IJ,12.036,16.036,0.2619
51,9,AF,5.6151,7.6151,0.2619
51,10,GB,6.5453,10.5453,0.2619
51,11,HC,7.8,11.8,0.2619
51,12,ID,6.5453,10.5453,0.2619
51,13,EJ,5.6151,7.6151,0.2619
51,14,FB,13.2487,17.2487,0.2619
51,15,GC,11.5955,15.5955,0.2619
51,16,IC,11.5955,15.5955,0.2619
51,17,JD,13.2487,17.2487,0.2619
52,1,AB,11.996,13.996,0.2624
52,2,BC,9.6604,13.6604,0.2624
52,3,CD,9.6604,13.6604,0.2624
52,4,DE,11.996,13.996,0.2624
52,5,FG,12.0316,16.0316,0.2624
52,6,GH,9.7344,13.7344,0.2624
52,7,HI,9.7344,13.7344,0.2624
52,8,IJ,12.0316,16.0316,0.2624
52,9,AF,5.6573,7.6573,0.2624
52,10,GB,6.5821,10.5821,0.2624
52,11,HC,7.7795,11.7795,0.2624
52,12,ID,6.5821,10.5821,0.2624
52,13,EJ,5.6573,7.6573,0.2624
52,14,FB,13.2631,17.2631,0.2624
52,15,GC,11.6896,15.6896,0.2624
52,16,IC,11.6896,15.6896,0.2624
52,17,JD,13.2631,17.2631,0.2624
53,1,AB,11.996,13.996,0.2624
53,2,BC,9.6604,13.6604,0.2624
53,3,CD,9.6604,13.6604,0.2624
53,4,DE,11.996,13.996,0.2624
53,5,FG,12.0316,16.0316,0.2624
53,6,GH,9.7344,13.7344,0.2624
53,7,HI,9.7344,13.7344,0.2624
53,8,IJ,12.0316,16.0316,0.2624
53,9,AF,5.6573,7.6573,0.2624
53,10,GB,6.5821,10.5821,0.2624
53,11,HC,7.7795,11.7795,0.2624
53,12,ID,6.5821,10.5821,0.2624
53,13,EJ,5.6573,7.6573,0.2624
53,14,FB,13.2631,17.2631,0.2624
53,15,GC,11.6896,15.6896,0.2624
53,16,IC,11.6896,15.6896,0.2624
53,17,JD,13.2631,17.2631,0.2624
54,1,AB,11.996,13.996,0.2624
54,2,BC,9.6604,13.6604,0.2624
54,3,CD,9.6604,13.6604,0.2624
54,4,DE,11.996,13.996,0.2624
54,5,FG,12.0316,16.0316,0.2624
54,6,GH,9.7344,13.7344,0.2624
54,7,HI,9.7344,13.7344,0.2624
54,8,IJ,12.0316,16.0316,0.2624
54,9,AF,5.6573,7.6573,0.2624
54,10,GB,6.5821,10.5821,0.2624
54,11,HC,7.7795,11.7795,0.2624
54,12,ID,6.5821,10.5821,0.2624
54,13,EJ,5.6573,7.6573,0.2624
54,14,FB,13.2631,17.2631,0.2624
54,15,GC,11.6896,15.6896,0.2624
54,16,IC,11.6896,15.6896,0.2624
54,17,JD,13.2631,17.2631,0.2624
55,1,AB,11.996,13.996,0.2624
55,2,BC,9.6604,13.6604,0.2624
55,3,CD,9.6604,13.6604,0.2624
55,4,DE,11.996,13.996,0.2624
55,5,FG,12.0316,16.0316,0.2624
55,6,GH,9.7344,13.7344,0.2624
55,7,HI,9.7344,13.7344,0.2624
55,8,IJ,12.0316,16.0316,0.2624
55,9,AF,5.6573,7.6573,0.2624
55,10,GB,6.5821,10.5821,0.2624
55,11,HC,7.7795,11.7795,0.2624
55,12,ID,6.5821,10.5821,0.2624
55,13,EJ,5.6573,7.6573,0.2624
55,14,FB,13.2631,17.2631,0.2624
55,15,GC,11.6896,15.6896,0.2624
55,16,IC,11.6896,15.6896,0.2624
55,17,JD,13.2631,17.2631,0.2624
56,1,AB,11.996,13.996,0.2624
56,2,BC,9.6604,13.6604,0.2624
56,3,CD,9.6604,13.6604,0.2624
56,4,DE,11.996,13.996,0.2624
56,5,FG,12.0316,16.0316,0.2624
56,6,GH,9.7344,13.7344,0.2624
56,7,HI,9.7344,13.7344,0.2624
56,8,IJ,12.0316,16.0316,0.2624
56,9,AF,5.6573,7.6573,0.2624
56,10,GB,6.5821,10.5821,0.2624
56,11,HC,7.7795,11.7795,0.2624
56,12,ID,6.5821,10.5821,0.2624
56,13,EJ,5.6573,7.6573,0.2624
56,14,FB,13.2631,17.2631,0.2624
56,15,GC,11.6896,15.6896,0.2624
56,16,IC,11.6896,15.6896,0.2624
56,17,JD,13.2631,17.2631,0.2624
57,1,AB,11.996,13.996,0.2624
57,2,BC,9.6604,13.6604,0.2624
57,3,CD,9.6604,13.6604,0.2624
57,4,DE,11.996,13.996,0.2624
57,5,FG,12.0316,16.0316,0.2624
57,6,GH,9.7344,13.7344,0.2624
57,7,HI,9.7344,13.7344,0.2624
57,8,IJ,12.0316,16.0316,0.2624
57,9,AF,5.6573,7.6573,0.2624
57,10,GB,6.5821,10.5821,0.2624
57,11,HC,7.7795,11.7795,0.2624
57,12,ID,6.5821,10.5821,0.2624
57,13,EJ,5.6573,7.6573,0.2624
57,14,FB,13.2631,17.2631,0.2624
57,15,GC,11.6896,15.6896,0.2624
57,16,IC,11.6896,15.6896,0.2624
57,17,JD,13.2631,17.2631,0.2624
58,1,AB,11.996,13.996,0.2624
58,2,BC,9.6604,13.6604,0.2624
58,3,CD,9.6604,13.6604,0.2624
58,4,DE,11.996,13.996,0.2624
58,5,FG,12.0316,16.0316,0.2624
58,6,GH,9.7344,13.7344,0.2624
58,7,HI,9.7344,13.7344,0.2624
58,8,IJ,12.0316,16.0316,0.2624
58,9,AF,5.6573,7.6573,0.2624
58,10,GB,6.5821,10.5821,0.2624
58,11,HC,7.7795,11.7795,0.2624
58,12,ID,6.5821,10.5821,0.2624
58,13,EJ,5.6573,7.6573,0.2624
58,14,FB,13.2631,17.2631,0.2624
58,15,GC,11.6896,15.6896,0.2624
58,16,IC,11.6896,15.6896,0.2624
58,17,JD,13.2631,17.2631,0.2624
59,1,AB,11.996,13.996,0.2624
59,2,BC,9.6604,13.6604,0.2624
59,3,CD,9.6604,13.6604,0.2624
59,4,DE,11.996,13.996,0.2624
59,5,FG,12.0316,16.0316,0.2624
59,6,GH,9.7344,13.7344,0.2624
59,7,HI,9.7344,13.7344,0.2624
59,8,IJ,12.0316,16.0316,0.2624
59,9,AF,5.6573,7.6573,0.2624
59,10,GB,6.5821,10.5821,0.2624
59,11,HC,7.7795,11.7795,0.2624
59,12,ID,6.5821,10.5821,0.2624
59,13,EJ,5.6573,7.6573,0.2624
59,14,FB,13.2631,17.2631,0.2624
59,15,GC,11.6896,15.6896,0.2624
59,16,IC,11.6896,15.6896,0.2624
59,17,JD,13.2631,17.2631,0.2624
60,1,AB,11.996,13.996,0.2624
60,2,BC,9.6604,13.6604,0.2624
60,3,CD,9.6604,13.6604,0.2624
60,4,DE,11.996,13.996,0.2624
60,5,FG,12.0316,16.0316,0.2624
60,6,GH,9.7344,13.7344,0.2624
60,7,HI,9.7344,13.7344,0.2624
60,8,IJ,12.0316,16.0316,0.2624
60,9,AF,5.6573,7.6573,0.2624
60,10,GB,6.5821,10.5821,0.2624
60,11,HC,7.7795,11.7795,0.2624
60,12,ID,6.5821,10.5821,0.2624
60,13,EJ,5.6573,7.6573,0.2624
60,14,FB,13.2631,17.2631,0.2624
60,15,GC,11.6896,15.6896,0.2624
60,16,IC,11.6896,15.6896,0.2624
60,17,JD,13.2631,17.2631,0.2624
61,1,AB,11.996,13.996,0.2624
61,2,BC,9.6604,13.6604,0.2624
61,3,CD,9.6604,13.6604,0.2624
61,4,DE,11.996,13.996,0.2624
61,5,FG,12.0316,16.0316,0.2624
61,6,GH,9.7344,13.7344,0.2624
61,7,HI,9.7344,13.7344,0.2624
61,8,IJ,12.0316,16.0316,0.2624
61,9,AF,5.6573,7.6573,0.2624
61,10,GB,6.5821,10.5821,0.2624
61,11,HC,7.7795,11.7795,0.2624
61,12,ID,6.5821,10.5821,0.2624
61,13,EJ,5.6573,7.6573,0.2624
61,14,FB,13.2631,17.2631,0.2624
61,15,GC,11.6896,15.6896,0.2624
61,16,IC,11.6896,15.6896,0.2624
61,17,JD,13.2631,17.2631,0.2624
62,1,AB,11.996,13.996,0.2624
62,2,BC,9.6604,13.6604,0.2624
62,3,CD,9.6604,13.6604,0.2624
62,4,DE,11.996,13.996,0.2624
62,5,FG,12.0316,16.0316,0.2624
62,6,GH,9.7344,13.7344,0.2624
62,7,HI,9.7344,13.7344,0.2624
62,8,IJ,12.0316,16.0316,0.2624
62,9,AF,5.6573,7.6573,0.2624
62,10,GB,6.5821,10.5821,0.2624
62,11,HC,7.7795,11.7795,0.2624
62,12,ID,6.5821,10.5821,0.2624
62,13,EJ,5.6573,7.6573,0.2624
62,14,FB,13.2631,17.2631,0.2624
62,15,GC,11.6896,15.6896,0.2624
62,16,IC,11.6896,15.6896,0.2624
62,17,JD,13.2631,17.2631,0.2624
63,1,AB,11.996,13.996,0.2624
63,2,BC,9.6604,13.6604,0.2624
63,3,CD,9.6604,13.6604,0.2624
63,4,DE,11.996,13.996,0.2624
63,5,FG,12.0316,16.0316,0.2624
63,6,GH,9.7344,13.7344,0.2624
63,7,HI,9.7344,13.7344,0.2624
63,8,IJ,12.0316,16.0316,0.2624
63,9,AF,5.6573,7.6573,0.2624
63,10,GB,6.5821,10.5821,0.2624
63,11,HC,7.7795,11.7795,0.2624
63,12,ID,6.5821,10.5821,0.2624
63,13,EJ,5.6573,7.6573,0.2624
63,14,FB,13.2631,17.2631,0.2624
63,15,GC,11.6896,15.6896,0.2624
63,16,IC,11.6896,15.6896,0.2624
63,17,JD,13.2631,17.2631,0.2624
64,1,AB,11.996,13.996,0.2624
64,2,BC,9.6604,13.6604,0.2624
64,3,CD,9.6604,13.6604,0.2624
64,4,DE,11.996,13.996,0.2624
64,5,FG,12.0316,16.0316,0.2624
64,6,GH,9.7344,13.7344,0.2624
64,7,HI,9.7344,13.7344,0.2624
64,8,IJ,12.0316,16.0316,0.2624
64,9,AF,5.6573,7.6573,0.2624
64,10,GB,6.5821,10.5821,0.2624
64,11,HC,7.7795,11.7795,0.2624
64,12,ID,6.5821,10.5821,0.2624
64,13,EJ,5.6573,7.6573,0.2624
64,14,FB,13.2631,17.2631,0.2624
64,15,GC,11.6896,15.6896,0.2624
64,16,IC,11.6896,15.6896,0.2624
64,17,JD,13.2631,17.2631,0.2624
65,1,AB,11.996,13.996,0.2624
65,2,BC,9.6604,13.6604,0.2624
65,3,CD,9.6604,13.6604,0.2624
65,4,DE,11.996,13.996,0.2624
65,5,FG,12.0316,16.0316,0.2624
65,6,GH,9.7344,13.7344,0.2624
65,7,HI,9.7344,13.7344,0.2624
65,8,IJ,12.0316,16.0316,0.2624
65,9,AF,5.6573,7.6573,0.2624
65,10,GB,6.5821,10.5821,0.2624
65,11,HC,7.7795,11.7795,0.2624
65,12,ID,6.5821,10.5821,0.2624
65,13,EJ,5.6573,7.6573,0.2624
65,14,FB,13.2631,17.2631,0.2624
65,15,GC,11.6896,15.6896,0.2624
65,16,IC,11.6896,15.6896,0.2624
65,17,JD,13.2631,17.2631,0.2624
66,1,AB,11.996,13.996,0.2624
66,2,BC,9.6604,13.6604,0.2624
66,3,CD,9.6604,13.6604,0.2624
66,4,DE,11.996,13.996,0.2624
66,5,FG,12.0316,16.0316,0.2624
66,6,GH,9.7344,13.7344,0.2624
66,7,HI,9.7344,13.7344,0.2624
66,8,IJ,12.0316,16.0316,0.2624
66,9,AF,5.6573,7.6573,0.2624
66,10,GB,6.5821,10.5821,0.2624
66,11,HC,7.7795,11.7795,0.2624
66,12,ID,6.5821,10.5821,0.2624
66,13,EJ,5.6573,7.6573,0.2624
66,14,FB,13.2631,17.2631,0.2624
66,15,GC,11.6896,15.6896,0.2624
66,16,IC,11.6896,15.6896,0.2624
66,17,JD,13.2631,17.2631,0.2624
67,1,AB,11.996,13.996,0.2624
67,2,BC,9.6604,13.6604,0.2624
67,3,CD,9.6604,13.6604,0.2624
67,4,DE,11.996,13.996,0.2624
67,5,FG,12.0316,16.0316,0.2624
67,6,GH,9.7344,13.7344,0.2624
67,7,HI,9.7344,13.7344,0.2624
67,8,IJ,12.0316,16.0316,0.2624
67,9,AF,5.6573,7.6573,0.2624
67,10,GB,6.5821,10.5821,0.2624
67,11,HC,7.7795,11.7795,0.2624
67,12,ID,6.5821,10.5821,0.2624
67,13,EJ,5.6573,7.6573,0.2624
67,14,FB,13.2631,17.2631,0.2624
67,15,GC,11.6896,15.6896,0.2624
67,16,IC,11.6896,15.6896,0.2624
67,17,JD,13.2631,17.2631,0.2624
68,1,AB,11.996,13.996,0.2624
68,2,BC,9.6604,13.6604,0.2624
68,3,CD,9.6604,13.6604,0.2624
68,4,DE,11.996,13.996,0.2624
68,5,FG,12.0316,16.0316,0.2624
68,6,GH,9.7344,13.7344,0.2624
68,7,HI,9.7344,13.7344,0.2624
68,8,IJ,12.0316,16.0316,0.2624
68,9,AF,5.6573,7.6573,0.2624
68,10,GB,6.5821,10.5821,0.2624
68,11,HC,7.7795,11.7795,0.2624
68,12,ID,6.5821,10.5821,0.2624
68,13,EJ,5.6573,7.6573,0.2624
68,14,FB,13.2631,17.2631,0.2624
68,15,GC,11.6896,15.6896,0.2624
68,16,IC,11.6896,15.6896,0.2624
68,17,JD,13.2631,17.2631,0.2624
69,1,AB,11.996,13.996,0.2624
69,2,BC,9.6604,13.6604,0.2624
69,3,CD,9.6604,13.6604,0.2624
69,4,DE,11.996,13.996,0.2624
69,5,FG,12.0316,16.0316,0.2624
69,6,GH,9.7344,13.7344,0.2624
69,7,HI,9.7344,13.7344,0.2624
69,8,IJ,12.0316,16.0316,0.2624
69,9,AF,5.6573,7.6573,0.2624
69,10,GB,6.5821,10.5821,0.2624
69,11,HC,7.7795,11.7795,0.2624
69,12,ID,6.5821,10.5821,0.2624
69,13,EJ,5.6573,7.6573,0.2624
69,14,FB,13.2631,17.2631,0.2624
69,15,GC,11.6896,15.6896,0.2624
69,16,IC,11.6896,15.6896,0.2624
69,17,JD,13.2631,17.2631,0.2624
70,1,AB,11.996,13.996,0.2624
70,2,BC,9.6604,13.6604,0.2624
70,3,CD,9.6604,13.6604,0.2624
70,4,DE,11.996,13.996,0.2624
70,5,FG,12.0316,16.0316,0.2624
70,6,GH,9.7344,13.7344,0.2624
70,7,HI,9.7344,13.7344,0.2624
70,8,IJ,12.0316,16.0316,0.2624
70,9,AF,5.6573,7.6573,0.2624
70,10,GB,6.5821,10.5821,0.2624
70,11,HC,7.7795,11.7795,0.2624
70,12,ID,6.5821,10.5821,0.2624
70,13,EJ,5.6573,7.6573,0.2624
70,14,FB,13.2631,17.2631,0.2624
70,15,GC,11.6896,15.6896,0.2624
70,16,IC,11.6896,15.6896,0.2624
70,17,JD,13.2631,17.2631,0.2624
71,1,AB,11.996,13.996,0.2624
71,2,BC,9.6604,13.6604,0.2624
71,3,CD,9.6604,13.6604,0.2624
71,4,DE,11.996,13.996,0.2624
71,5,FG,12.0316,16.0316,0.2624
71,6,GH,9.7344,13.7344,0.2624
71,7,HI,9.7344,13.7344,0.2624
71,8,IJ,12.0316,16.0316,0.2624
71,9,AF,5.6573,7.6573,0.2624
71,10,GB,6.5821,10.5821,0.2624
71,11,HC,7.7795,11.7795,0.2624
71,12,ID,6.5821,10.5821,0.2624
71,13,EJ,5.6573,7.6573,0.2624
71,14,FB,13.2631,17.2631,0.2624
71,15,GC,11.6896,15.6896,0.2624
71,16,IC,11.6896,15.6896,0.2624
71,17,JD,13.2631,17.2631,0.2624
72,1,AB,11.996,13.996,0.2624
72,2,BC,9.6604,13.6604,0.2624
72,3,CD,9.6604,13.6604,0.2624
72,4,DE,11.996,13.996,0.2624
72,5,FG,12.0316,16.0316,0.2624
72,6,GH,9.7344,13.7344,0.2624
72,7,HI,9.7344,13.7344,0.2624
72,8,IJ,12.0316,16.0316,0.2624
72,9,AF,5.6573,7.6573,0.2624
72,10,GB,6.5821,10.5821,0.2624
72,11,HC,7.7795,11.7795,0.2624
72,12,ID,6.5821,10.5821,0.2624
72,13,EJ,5.6573,7.6573,0.2624
72,14,FB,13.2631,17.2631,0.2624
72,15,GC,11.6896,15.6896,0.2624
72,16,IC,11.6896,15.6896,0.2624
72,17,JD,13.2631,17.2631,0.2624
73,1,AB,11.996,13.996,0.2624
73,2,BC,9.6604,13.6604,0.2624
73,3,CD,9.6604,13.6604,0.2624
73,4,DE,11.996,13.996,0.2624
73,5,FG,12.0316,16.0316,0.2624
73,6,GH,9.7344,13.7344,0.2624
73,7,HI,9.7344,13.7344,0.2624
73,8,IJ,12.0316,16.0316,0.2624
73,9,AF,5.6573,7.6573,0.2624
73,10,GB,6.5821,10.5821,0.2624
73,11,HC,7.7795,11.7795,0.2624
73,12,ID,6.5821,10.5821,0.2624
73,13,EJ,5.6573,7.6573,0.2624
73,14,FB,13.2631,17.2631,0.2624
73,15,GC,11.6896,15.6896,0.2624
73,16,IC,11.6896,15.6896,0.2624
73,17,JD,13.2631,17.2631,0.2624
74,1,AB,11.996,13.996,0.2624
74,2,BC,9.6604,13.6604,0.2624
74,3,CD,9.6604,13.6604,0.2624
74,4,DE,11.996,13.996,0.2624
74,5,FG,12.0316,16.0316,0.2624
74,6,GH,9.7344,13.7344,0.2624
74,7,HI,9.7344,13.7344,0.2624
74,8,IJ,12.0316,16.0316,0.2624
74,9,AF,5.6573,7.6573,0.2624
74,10,GB,6.5821,10.5821,0.2624
74,11,HC,7.7795,11.7795,0.2624
74,12,ID,6.5821,10.5821,0.2624
74,13,EJ,5.6573,7.6573,0.2624
74,14,FB,13.2631,17.2631,0.2624
74,15,GC,11.6896,15.6896,0.2624
74,16,IC,11.6896,15.6896,0.2624
74,17,JD,13.2631,17.2631,0.2624
75,1,AB,11.996,13.996,0.2624
75,2,BC,9.6604,13.6604,0.2624
75,3,CD,9.6604,13.6604,0.2624
75,4,DE,11.996,13.996,0.2624
75,5,FG,12.0316,16.0316,0.2624
75,6,GH,9.7344,13.7344,0.2624
75,7,HI,9.7344,13.7344,0.2624
75,8,IJ,12.0316,16.0316,0.2624
75,9,AF,5.6573,7.6573,0.2624
75,10,GB,6.5821,10.5821,0.2624
75,11,HC,7.7795,11.7795,0.2624
75,12,ID,6.5821,10.5821,0.2624
75,13,EJ,5.6573,7.6573,0.2624
75,14,FB,13.2631,17.2631,0.2624
75,15,GC,11.6896,15.6896,0.2624
75,16,IC,11.6896,15.6896,0.2624
75,17,JD,13.2631,17.2631,0.2624
76,1,AB,11.996,13.996,0.2624
76,2,BC,9.6604,13.6604,0.2624
76,3,CD,9.6604,13.6604,0.2624
76,4,DE,11.996,13.996,0.2624
76,5,FG,12.0316,16.0316,0.2624
76,6,GH,9.7344,13.7344,0.2624
76,7,HI,9.7344,13.7344,0.2624
76,8,IJ,12.0316,16.0316,0.2624
76,9,AF,5.6573,7.6573,0.2624
76,10,GB,6.5821,10.5821,0.2624
76,11,HC,7.7795,11.7795,0.2624
76,12,ID,6.5821,10.5821,0.2624
76,13,EJ,5.6573,7.6573,0.2624
76,14,FB,13.2631,17.2631,0.2624
76,15,GC,11.6896,15.6896,0.2624
76,16,IC,11.6896,15.6896,0.2624
76,17,JD,13.2631,17.2631,0.2624
77,1,AB,11.996,13.996,0.2624
77,2,BC,9.6604,13.6604,0.2624
77,3,CD,9.6604,13.6604,0.2624
77,4,DE,11.996,13.996,0.2624
77,5,FG,12.0316,16.0316,0.2624
77,6,GH,9.7344,13.7344,0.2624
77,7,HI,9.7344,13.7344,0.2624
77,8,IJ,12.0316,16.0316,0.2624
77,9,AF,5.6573,7.6573,0.2624
77,10,GB,6.5821,10.5821,0.2624
77,11,HC,7.7795,11.7795,0.2624
77,12,ID,6.5821,10.5821,0.2624
77,13,EJ,5.6573,7.6573,0.2624
77,14,FB,13.2631,17.2631,0.2624
77,15,GC,11.6896,15.6896,0.2624
77,16,IC,11.6896,15.6896,0.2624
77,17,JD,13.2631,17.2631,0.2624
78,1,AB,11.996,13.996,0.2624
78,2,BC,9.6604,13.6604,0.2624
78,3,CD,9.6604,13.6604,0.2624
78,4,DE,11.996,13.996,0.2624
78,5,FG,12.0316,16.0316,0.2624
78,6,GH,9.7344,13.7344,0.2624
78,7,HI,9.7344,13.7344,0.2624
78,8,IJ,12.0316,16.0316,0.2624
78,9,AF,5.6573,7.6573,0.2624
78,10,GB,6.5821,10.5821,0.2624
78,11,HC,7.7795,11.7795,0.2624
78,12,ID,6.5821,10.5821,0.2624
78,13,EJ,5.6573,7.6573,0.2624
78,14,FB,13.2631,17.2631,0.2624
78,15,GC,11.6896,15.6896,0.2624
78,16,IC,11.6896,15.6896,0.2624
78,17,JD,13.2631,17.2631,0.2624
79,1,AB,11.996,13.996,0.2624
79,2,BC,9.6604,13.6604,0.2624
79,3,CD,9.6604,13.6604,0.2624
79,4,DE,11.996,13.996,0.2624
79,5,FG,12.0316,16.0316,0.2624
79,6,GH,9.7344,13.7344,0.2624
79,7,HI,9.7344,13.7344,0.2624
79,8,IJ,12.0316,16.0316,0.2624
79,9,AF,5.6573,7.6573,0.2624
79,10,GB,6.5821,10.5821,0.2624
79,11,HC,7.7795,11.7795,0.2624
79,12,ID,6.5821,10.5821,0.2624
79,13,EJ,5.6573,7.6573,0.2624
79,14,FB,13.2631,17.2631,0.2624
79,15,GC,11.6896,15.6896,0.2624
79,16,IC,11.6896,15.6896,0.2624
79,17,JD,13.2631,17.2631,0.2624
80,1,AB,11.996,13.996,0.2624
80,2,BC,9.6604,13.6604,0.2624
80,3,CD,9.6604,13.6604,0.2624
80,4,DE,11.996,13.996,0.2624
80,5,FG,12.0316,16.0316,0.2624
80,6,GH,9.7344,13.7344,0.2624
80,7,HI,9.7344,13.7344,0.2624
80,8,IJ,12.0316,16.0316,0.2624
80,9,AF,5.6573,7.6573,0.2624
80,10,GB,6.5821,10.5821,0.2624
80,11,HC,7.7795,11.7795,0.2624
80,12,ID,6.5821,10.5821,0.2624
80,13,EJ,5.6573,7.6573,0.2624
80,14,FB,13.2631,17.2631,0.2624
80,15,GC,11.6896,15.6896,0.2624
80,16,IC,11.6896,15.6896,0.2624
80,17,JD,13.2631,17.2631,0.2624
81,1,AB,11.996,13.996,0.2624
81,2,BC,9.6604,13.6604,0.2624
81,3,CD,9.6604,13.6604,0.2624
81,4,DE,11.996,13.996,0.2624
81,5,FG,12.0316,16.0316,0.2624
81,6,GH,9.7344,13.7344,0.2624
81,7,HI,9.7344,13.7344,0.2624
81,8,IJ,12.0316,16.0316,0.2624
81,9,AF,5.6573,7.6573,0.2624
81,10,GB,6.5821,10.5821,0.2624
81,11,HC,7.7795,11.7795,0.2624
81,12,ID,6.5821,10.5821,0.2624
81,13,EJ,5.6573,7.6573,0.2624
81,14,FB,13.2631,17.2631,0.2624
81,15,GC,11.6896,15.6896,0.2624
81,16,IC,11.6896,15.6896,0.2624
81,17,JD,13.2631,17.2631,0.2624
82,1,AB,11.996,13.996,0.2624
82,2,BC,9.6604,13.6604,0.2624
82,3,CD,9.6604,13.6604,0.2624
82,4,DE,11.996,13.996,0.2624
82,5,FG,12.0316,16.0316,0.2624
82,6,GH,9.7344,13.7344,0.2624
82,7,HI,9.7344,13.7344,0.2624
82,8,IJ,12.0316,16.0316,0.2624
82,9,AF,5.6573,7.6573,0.2624
82,10,GB,6.5821,10.5821,0.2624
82,11,HC,7.7795,11.7795,0.2624
82,12,ID,6.5821,10.5821,0.2624
82,13,EJ,5.6573,7.6573,0.2624
82,14,FB,13.2631,17.2631,0.2624
82,15,GC,11.6896,15.6896,0.2624
82,16,IC,11.6896,15.6896,0.2624
82,17,JD,13.2631,17.2631,0.2624
83,1,AB,11.919,13.919,0.2638
83,2,BC,9.6812,13.6812,0.2638
83,3,CD,9.6812,13.6812,0.2638
83,4,DE,11.919,13.919,0.2638
83,5,FG,12.0214,16.0214,0.2638
83,6,GH,9.7306,13.7306,0.2638
83,7,HI,9.7306,13.7306,0.2638
83,8,IJ,12.0214,16.0214,0.2638
83,9,AF,5.2045,7.2045,0.2638
83,10,GB,6.7699,10.7699,0.2638
83,11,HC,7.7485,11.7485,0.2638
83,12,ID,6.7699,10.7699,0.2638
83,13,EJ,5.2045,7.2045,0.2638
83,14,FB,13.0058,17.0058,0.2638
83,15,GC,11.8135,15.8135,0.2638
83,16,IC,11.8135,15.8135,0.2638
83,17,JD,13.0058,17.0058,0.2638
84,1,AB,12.0,14.0,0.265
84,2,BC,9.5247,13.5247,0.265
84,3,CD,9.5247,13.5247,0.265
84,4,DE,12.0,14.0,0.265
84,5,FG,12.0116,16.0116,0.265
84,6,GH,9.5968,13.5968,0.265
84,7,HI,9.5968,13.5968,0.265
84,8,IJ,12.0116,16.0116,0.265
84,9,AF,6.0971,8.0971,0.265
84,10,GB,6.6258,10.6258,0.265
84,11,HC,7.8,11.8,0.265
84,12,ID,6.6258,10.6258,0.265
84,13,EJ,6.0971,8.0971,0.265
84,14,FB,13.4601,17.4601,0.265
84,15,GC,11.6027,15.6027,0.265
84,16,IC,11.6027,15.6027,0.265
84,17,JD,13.4601,17.4601,0.265
85,1,AB,11.9691,13.9691,0.2653
85,2,BC,9.6211,13.6211,0.2653
85,3,CD,9.6211,13.6211,0.2653
85,4,DE,11.9691,13.9691,0.2653
85,5,FG,12.0241,16.0241,0.2653
85,6,GH,9.6896,13.6896,0.2653
85,7,HI,9.6896,13.6896,0.2653
85,8,IJ,12.0241,16.0241,0.2653
85,9,AF,5.4413,7.4413,0.2653
85,10,GB,6.5895,10.5895,0.2653
85,11,HC,7.7397,11.7397,0.2653
85,12,ID,6.5895,10.5895,0.2653
85,13,EJ,5.4413,7.4413,0.2653
85,14,FB,13.1479,17.1479,0.2653
85,15,GC,11.6614,15.6614,0.2653
85,16,IC,11.6614,15.6614,0.2653
85,17,JD,13.1479,17.1479,0.2653
86,1,AB,11.9691,13.9691,0.2653
86,2,BC,9.6211,13.6211,0.2653
86,3,CD,9.6211,13.6211,0.2653
86,4,DE,11.9691,13.9691,0.2653
86,5,FG,12.0241,16.0241,0.2653
86,6,GH,9.6896,13.6896,0.2653
86,7,HI,9.6896,13.6896,0.2653
86,8,IJ,12.0241,16.0241,0.2653
86,9,AF,5.4413,7.4413,0.2653
86,10,GB,6.5895,10.5895,0.2653
86,11,HC,7.7397,11.7397,0.2653
86,12,ID,6.5895,10.5895,0.2653
86,13,EJ,5.4413,7.4413,0.2653
86,14,FB,13.1479,17.1479,0.2653
86,15,GC,11.6614,15.6614,0.2653
86,16,IC,11.6614,15.6614,0.2653
86,17,JD,13.1479,17.1479,0.2653
87,1,AB,11.9691,13.9691,0.2653
87,2,BC,9.6211,13.6211,0.2653
87,3,CD,9.6211,13.6211,0.2653
87,4,DE,11.9691,13.9691,0.2653
87,5,FG,12.0241,16.0241,0.2653
87,6,GH,9.6896,13.6896,0.2653
87,7,HI,9.6896,13.6896,0.2653
87,8,IJ,12.0241,16.0241,0.2653
87,9,AF,5.4413,7.4413,0.2653
87,10,GB,6.5895,10.5895,0.2653
87,11,HC,7.7397,11.7397,0.2653
87,12,ID,6.5895,10.5895,0.2653
87,13,EJ,5.4413,7.4413,0.2653
87,14,FB,13.1479,17.1479,0.2653
87,15,GC,11.6614,15.6614,0.2653
87,16,IC,11.6614,15.6614,0.2653
87,17,JD,13.1479,17.1479,0.2653
88,1,AB,11.9691,13.9691,0.2653
88,2,BC,9.6211,13.6211,0.2653
88,3,CD,9.6211,13.6211,0.2653
88,4,DE,11.9691,13.9691,0.2653
88,5,FG,12.0241,16.0241,0.2653
88,6,GH,9.6896,13.6896,0.2653
88,7,HI,9.6896,13.6896,0.2653
88,8,IJ,12.0241,16.0241,0.2653
88,9,AF,5.4413,7.4413,0.2653
88,10,GB,6.5895,10.5895,0.2653
88,11,HC,7.7397,11.7397,0.2653
88,12,ID,6.5895,10.5895,0.2653
88,13,EJ,5.4413,7.4413,0.2653
88,14,FB,13.1479,17.1479,0.2653
88,15,GC,11.6614,15.6614,0.2653
88,16,IC,11.6614,15.6614,0.2653
88,17,JD,13.1479,17.1479,0.2653
89,1,AB,11.9691,13.9691,0.2653
89,2,BC,9.6211,13.6211,0.2653
89,3,CD,9.6211,13.6211,0.2653
89,4,DE,11.9691,13.9691,0.2653
89,5,FG,12.0241,16.0241,0.2653
89,6,GH,9.6896,13.6896,0.2653
89,7,HI,9.6896,13.6896,0.2653
89,8,IJ,12.0241,16.0241,0.2653
89,9,AF,5.4413,7.4413,0.2653
89,10,GB,6.5895,10.5895,0.2653
89,11,HC,7.7397,11.7397,0.2653
89,12,ID,6.5895,10.5895,0.2653
89,13,EJ,5.4413,7.4413,0.2653
89,14,FB,13.1479,17.1479,0.2653
89,15,GC,11.6614,15.6614,0.2653
89,16,IC,11.6614,15.6614,0.2653
89,17,JD,13.1479,17.1479,0.2653
90,1,AB,11.9691,13.9691,0.2653
90,2,BC,9.6211,13.6211,0.2653
90,3,CD,9.6211,13.6211,0.2653
90,4,DE,11.9691,13.9691,0.2653
90,5,FG,12.0241,16.0241,0.2653
90,6,GH,9.6896,13.6896,0.2653
90,7,HI,9.6896,13.6896,0.2653
90,8,IJ,12.0241,16.0241,0.2653
90,9,AF,5.4413,7.4413,0.2653
90,10,GB,6.5895,10.5895,0.2653
90,11,HC,7.7397,11.7397,0.2653
90,12,ID,6.5895,10.5895,0.2653
90,13,EJ,5.4413,7.4413,0.2653
90,14,FB,13.1479,17.1479,0.2653
90,15,GC,11.6614,15.6614,0.2653
90,16,IC,11.6614,15.6614,0.2653
90,17,JD,13.1479,17.1479,0.2653
